epoch,train_loss,validation_loss
1,1.9696678603956317,1.5144331973991183
2,1.4602175279479244,1.3173759379599164
3,1.3463717468564458,1.24826979966186
