epoch,train_loss,validation_loss
1,1.9502498035807558,1.5025834866282484
2,1.4574913829163674,1.3199536555489935
3,1.3489990557871805,1.2498865731025697
