embedding,validation_loss,validation_bleu,validation_chrf,seconds
random,4.897099769646035,1.884994370644249,17.46738571189613,177.62889431899998
word2vec,4.6546232313134865,1.9206597981105435,15.433703226745092,183.53645633899998
