embedding,validation_loss,validation_bleu,validation_chrf,seconds
word2vec,4.488073715846748,1.85094937115748,16.716640164536997,127.59740882699771
random,4.707020931651622,1.6614973298493392,14.286901485518474,127.2563043730006
