model,direction,embedding,validation_bleu,validation_chrf,test_bleu,test_chrf,parameters,seconds
word,English → Spanish,word2vec,5.954051997591065,27.917986410930784,5.99615095944596,27.974169054707183,9140128,2594.176484425
word,Spanish → English,word2vec,6.249660281739353,29.269732810577366,6.234061510998138,29.23727412869447,8822257,2481.1926363089997
character,English → Spanish,character,1.2095651769826865,19.451151100077553,1.227893064791386,19.495702961318713,154976,1029.106934636
