name,embedding_dim,hidden_size,dropout,learning_rate,validation_loss,validation_bleu,validation_chrf,parameters,seconds
larger_lr_001,160,256,0.25,0.001,4.911324112066404,1.8703501003536103,17.294734009946765,11918528,158.21142211700004
compact_lr_001,128,192,0.2,0.001,5.075114653826534,1.133791782523699,16.122476242490507,9140128,132.72020612200004
compact_lr_0005,128,192,0.2,0.0005,5.412020746268252,1.3244154140779267,15.3683697280943,9140128,135.281543342
