length_group,pairs,mean_chrf
1–10,4197,33.555877728215194
11–20,10708,26.91627250426698
21–30,10007,27.07153228353353
31–40,4684,27.41010987708459
41–50,399,26.9121748605328
