epoch,train_loss,validation_loss
1,4.756108925804135,4.023048796732887
2,3.8479994029485005,3.6725602227162035
3,3.544259839543149,3.5014542923388787
4,3.3508787675471763,3.3981933670299282
5,3.2083455025468965,3.3318624568449664
