epoch,train_loss,validation_loss
1,4.596207175322175,3.922286348022873
2,3.7412520143367507,3.5688260070056748
3,3.452986676644796,3.392701853045397
4,3.2715950535148854,3.2843164547327666
5,3.141376320814204,3.214346032798702
