epoch,train_loss,validation_loss
1,4.801169160257442,4.122170250714601
2,3.9550848265371514,3.7865978137584846
3,3.659830706157592,3.6140824622476098
4,3.4628731674275404,3.505020347279003
5,3.3184193979417596,3.4321400268853584
