direction,test_bleu_without_attention,test_chrf_without_attention,parameters_without_attention,seconds_without_attention,test_bleu_with_attention,test_chrf_with_attention,parameters_with_attention,seconds_with_attention,bleu_change,chrf_change
English → Spanish,5.557939203719902,26.669802814510117,5758944,1804.568662820002,20.29465103067696,47.65181230980324,5832864,1811.3281597749997,14.736711826957059,20.982009495293124
Spanish → English,5.987552586899619,28.576982887540694,5758944,1784.28600543,23.74665527348247,49.70906865753037,5832864,1788.2087354699997,17.759102686582853,21.13208576998968
