direction,validation_bleu,validation_chrf,test_bleu,test_chrf,parameters,seconds
English → Spanish,20.172149305076196,47.52246443867285,20.29465103067696,47.65181230980324,5832864,1811.3281597749997
Spanish → English,23.68967642725262,49.707111984857235,23.74665527348247,49.70906865753037,5832864,1788.2087354699997
