epoch,train_loss,validation_loss
1,4.827217831530328,3.674209925533859
2,3.32604585454605,2.956634910005608
3,2.8021825327822447,2.638710557660511
4,2.5157776464526584,2.4747995706264634
5,2.337103371142686,2.3784156894411215
