epoch,train_loss,validation_loss
1,4.927679486966429,3.8376266182408636
2,3.3220561287945287,2.86763043318383
3,2.7003337581491307,2.5176340592334445
4,2.4014484639548974,2.3420664949148513
5,2.2180767275807427,2.246197783489043
