model,direction,embedding,validation_bleu,validation_chrf,test_bleu,test_chrf,parameters,seconds
word,English → Spanish,word2vec,5.496277989508792,26.622010376061628,5.557939203719902,26.669802814510113,5758944,1804.568662820002
word,Spanish → English,word2vec,5.970361053686635,28.535761339163724,5.987552586899619,28.576982887540698,5758944,1784.28600543
character,English → Spanish,character,1.200500295643777,15.817055363921833,1.180325791363894,15.863621891999049,154976,1238.1257273070005
