name,embedding_dim,hidden_size,dropout,learning_rate,validation_loss,validation_bleu,validation_chrf,parameters,seconds
larger_lr_001,160,256,0.25,0.001,4.759298770989267,1.8253530735528274,16.138938425129833,7566048,116.8579783560017
compact_lr_001,128,192,0.2,0.001,4.918318364442509,1.5459824497612464,15.584253852717426,5758944,98.3780671520035
compact_lr_0005,128,192,0.2,0.0005,5.258321398167497,0.7885346424133948,13.322540993752366,5758944,97.55217741600063
