length_group,pairs,mean_chrf
1–10,4197,32.83226572446693
11–20,10708,25.688794621663277
21–30,10007,25.67646487424869
31–40,4684,25.66698141936898
41–50,399,24.861098751744223
