epoch,train_loss,validation_loss
1,4.7086548510059725,4.069215193923972
2,3.9014273185740977,3.7378218921655675
3,3.6199030311676146,3.5672015577049825
4,3.4368423360308884,3.456124203090448
5,3.302823789726814,3.3805750755716466
