direction,validation_bleu,validation_chrf,test_bleu,test_chrf,parameters,seconds
English → Spanish,21.360424586144642,49.21490212857958,21.469316750708018,49.37920039698369,10498048,2996.027065862001
Spanish → English,22.748319026693974,49.861370375607706,22.87543485005005,49.8205638465378,9408177,2438.446102488
