epoch,train_loss,validation_loss
1,4.988352645394276,3.669913098996658
2,3.295877554929409,2.9116472634148023
3,2.7437006711140843,2.5892424105915013
4,2.440561740189211,2.4256825143175655
5,2.24285717857084,2.3250576800145644
