direction,test_bleu_without_attention,test_chrf_without_attention,parameters_without_attention,seconds_without_attention,test_bleu_with_attention,test_chrf_with_attention,parameters_with_attention,seconds_with_attention,bleu_change,chrf_change
English → Spanish,5.99615095944596,27.974169054707183,9140128,2594.176484425,21.469316750708018,49.37920039698369,10498048,2996.027065862001,15.473165791262058,21.40503134227651
Spanish → English,6.234061510998138,29.23727412869447,8822257,2481.192636309,22.87543485005005,49.8205638465378,9408177,2438.446102488,16.64137333905191,20.583289717843332
