epoch,train_loss,validation_loss
1,5.3045233544954,4.402580574918817
2,3.936401283733336,3.3583172370279315
3,3.1143635894113917,2.864094824018949
4,2.697407685794656,2.61743989837203
5,2.4432069619967747,2.476001342950824
