epoch,train_loss,validation_loss
1,5.547360284916677,4.583101402082969
2,4.0624101885691655,3.422945941783097
3,3.179565434062499,2.9272658077789595
4,2.749521579874102,2.69075711883738
5,2.494919307340651,2.5589686986979427
